{
  "evaluation_timestamp": "2025-08-04T12:58:11.787386",
  "strategies_compared": [
    "similarity",
    "mmr",
    "cohere_rerank"
  ],
  "dataset_size": 10,
  "results": {
    "similarity": {
      "strategy": "similarity",
      "dataset_size": 10,
      "scores": {
        "answer_relevancy": 0.5536394688217571,
        "context_precision": 0.9999999999795,
        "context_recall": 0.7874986378990956,
        "faithfulness": 0.5525603655603655
      }
    },
    "mmr": {
      "strategy": "mmr",
      "dataset_size": 10,
      "scores": {
        "answer_relevancy": 0.6192348005456096,
        "context_precision": 0.9805555555308704,
        "context_recall": 0.7894423558897243,
        "faithfulness": 0.7352448807463571
      }
    },
    "cohere_rerank": {
      "strategy": "cohere_rerank",
      "dataset_size": 10,
      "scores": {
        "answer_relevancy": 0.6129463891959331,
        "context_precision": 0.99999999998,
        "context_recall": 0.7700375939849624,
        "faithfulness": 0.4947575734361066
      }
    }
  }
}