strategy,dataset_size,answer_relevancy,context_precision,context_recall,faithfulness
similarity,10,0.6115958580676788,0.9999999999795,0.849860248447205,0.5808245855806813
mmr,10,0.5635249665457682,0.9805555555308704,0.8483709273182957,0.7319476592872396
cohere_rerank,10,0.6109879871009791,0.99999999998,,
