strategy,dataset_size,answer_relevancy,context_precision,context_recall,faithfulness
similarity,10,0.5536394688217571,0.9999999999795,0.7874986378990956,0.5525603655603655
mmr,10,0.6192348005456096,0.9805555555308704,0.7894423558897243,0.7352448807463571
cohere_rerank,10,0.6129463891959331,0.99999999998,0.7700375939849624,0.4947575734361066
