strategy,dataset_size,answer_relevancy,context_precision,context_recall,answer_correctness,semantic_similarity
similarity,2,0.8498526234660178,0.49999999999,0.2037037037037037,0.7020569615508139,0.9367299049357205
mmr,2,0.8864198654129537,0.6249999999680556,0.5559440559440559,0.712765252492072,0.9510610134523083
cohere_rerank,2,0.8800596226428229,0.49999999999,0.16666666666666666,0.5845145585070236,0.9467609275669413
