{
  "evaluation_timestamp": "2025-08-04T06:29:00.373047",
  "strategies_compared": [
    "similarity",
    "mmr",
    "cohere_rerank"
  ],
  "dataset_size": 2,
  "results": {
    "similarity": {
      "strategy": "similarity",
      "dataset_size": 2,
      "scores": {
        "answer_relevancy": 0.8498526234660178,
        "context_precision": 0.49999999999,
        "context_recall": 0.2037037037037037,
        "answer_correctness": 0.7020569615508139,
        "semantic_similarity": 0.9367299049357205
      }
    },
    "mmr": {
      "strategy": "mmr",
      "dataset_size": 2,
      "scores": {
        "answer_relevancy": 0.8864198654129537,
        "context_precision": 0.6249999999680556,
        "context_recall": 0.5559440559440559,
        "answer_correctness": 0.712765252492072,
        "semantic_similarity": 0.9510610134523083
      }
    },
    "cohere_rerank": {
      "strategy": "cohere_rerank",
      "dataset_size": 2,
      "scores": {
        "answer_relevancy": 0.8800596226428229,
        "context_precision": 0.49999999999,
        "context_recall": 0.16666666666666666,
        "answer_correctness": 0.5845145585070236,
        "semantic_similarity": 0.9467609275669413
      }
    }
  }
}