strategy,dataset_size,context_precision,context_recall,nv_context_relevance,faithfulness,answer_relevancy
similarity,2,0.87499999997125,0.19230769230769232,0.0,0.33090909090909093,0.8670096086213619
mmr,2,0.6249999999680556,0.666083916083916,0.25,0.5625,0.7769406210734675
