{
  "evaluation_timestamp": "2025-08-03T20:31:25.132549",
  "strategies_compared": [
    "similarity",
    "mmr"
  ],
  "dataset_size": 2,
  "results": {
    "similarity": {
      "strategy": "similarity",
      "dataset_size": 2,
      "scores": {
        "context_precision": 0.87499999997125,
        "context_recall": 0.19230769230769232,
        "nv_context_relevance": 0.0,
        "faithfulness": 0.33090909090909093,
        "answer_relevancy": 0.8670096086213619
      }
    },
    "mmr": {
      "strategy": "mmr",
      "dataset_size": 2,
      "scores": {
        "context_precision": 0.6249999999680556,
        "context_recall": 0.666083916083916,
        "nv_context_relevance": 0.25,
        "faithfulness": 0.5625,
        "answer_relevancy": 0.7769406210734675
      }
    }
  }
}